Name,Ticker,Price,Industry,Type,Update Time
iShares 3-7 Year Treasury Bond ETF,IEI,$117.58,Finance,Government,2025-03-05 19:11:30
iShares National Muni Bond ETF,MUB,$106.15,Finance,Government,2025-03-05 19:11:30
iShares Core U.S. Aggregate Bond ETF,AGG,$102.76,Finance,Corporate,2025-03-05 19:11:30
iShares TIPS Bond ETF,TIP,$101.89,Finance,Government,2025-03-05 19:11:30
PIMCO Enhanced Short Maturity Active Exchange-Traded Fund,MINT,$101.21,Finance,Corporate,2025-03-05 19:11:30
Vanguard Intermediate-Term Corporate Bond Index Fund ETF Shares,VCIT,$101.15,Finance,Corporate,2025-03-05 19:11:30
iShares J.P. Morgan USD Emerging Markets Bond ETF,EMB,$98.21,Finance,Corporate,2025-03-05 19:11:30
iShares 7-10 Year Treasury Bond ETF,IEF,$95.87,Finance,Government,2025-03-05 19:11:30
iShares iBoxx $ Investment Grade Corporate Bond ETF,LQD,$93.89,Finance,Corporate,2025-03-05 19:11:30
Goldman Sachs Access Treasury 0-1 Year ETF,GBIL,$93.58,Finance,Government,2025-03-05 19:11:30
SPDR Bloomberg High Yield Bond ETF,JNK,$89.13,Finance,Corporate,2025-03-05 19:11:30
iShares 20+ Year Treasury Bond ETF,TLT,$88.40,Finance,Government,2025-03-05 19:11:30
Vanguard Total Bond Market Index Fund,BND,$83.34,Finance,Corporate,2025-03-05 19:11:30
Vanguard Short-Term Corporate Bond Index Fund ETF Shares,VCSH,$79.88,Finance,Corporate,2025-03-05 19:11:30
iShares 1-3 Year Treasury Bond ETF,SHY,$75.55,Finance,Government,2025-03-05 19:11:30
Vanguard Long-Term Corporate Bond Index Fund ETF Shares,VCLT,$75.26,Finance,Corporate,2025-03-05 19:11:30
iShares iBoxx $ High Yield Corporate Bond ETF,HYG,$68.19,Finance,Corporate,2025-03-05 19:11:30
Vanguard Short-Term Treasury Index Fund ETF Shares,VGSH,$64.43,Finance,Government,2025-03-05 19:11:30
Vanguard Intermediate-Term Treasury Index Fund ETF Shares,VGIT,$63.78,Finance,Government,2025-03-05 19:11:30
Vanguard Emerging Markets Government Bond Index Fund,VWOB,$63.63,Finance,Government,2025-03-05 19:11:30
Vanguard Total International Bond Index Fund,BNDX,$58.66,Finance,Corporate,2025-03-05 19:11:30
VictoryShares Short-Term Bond ETF,USTB,$56.83,Finance,Corporate,2025-03-05 19:11:30
Invesco Ultra Short Duration ETF,GSY,$55.55,Finance,Corporate,2025-03-05 19:11:30
Fidelity Limited Term Bond ETF,FLTB,$54.50,Finance,Corporate,2025-03-05 19:11:30
iShares Short Duration Bond Active ETF,NEAR,$54.38,Finance,Corporate,2025-03-05 19:11:30
Vanguard Long-Term Treasury Index Fund ETF Shares,VGLT,$53.85,Finance,Government,2025-03-05 19:11:30
Vanguard Mortgage-Backed Securities Index Fund ETF Shares,VMBS,$52.56,Finance,Corporate,2025-03-05 19:11:30
Vanguard Short-Term Inflation-Protected Securities Index Fund ETF Shares,VTIP,$51.48,Finance,Government,2025-03-05 19:11:30
iShares 10+ Year Investment Grade Corporate Bond ETF,IGLB,$49.47,Finance,Corporate,2025-03-05 19:11:30
iShares 1-5 Year Investment Grade Corporate Bond ETF,IGSB,$49.26,Finance,Corporate,2025-03-05 19:11:30
iShares Broad USD Investment Grade Corporate Bond ETF,USIG,$48.46,Finance,Corporate,2025-03-05 19:11:30
iShares Core International Aggregate Bond ETF,IAGG,$48.36,Finance,Corporate,2025-03-05 19:11:30
iShares 5-10 Year Investment Grade Corporate Bond ETF,IGIB,$48.11,Finance,Corporate,2025-03-05 19:11:30
SPDR FTSE International Government Inflation-Protected Bond ETF,WIP,$45.88,Finance,Government,2025-03-05 19:11:30
Fidelity Total Bond ETF,FBND,$42.62,Finance,Corporate,2025-03-05 19:11:30
Xtrackers USD High Yield Corporate Bond ETF,HYLB,$42.16,Finance,Corporate,2025-03-05 19:11:30
iShares Core Total USD Bond Market ETF,IUSB,$41.55,Finance,Corporate,2025-03-05 19:11:30
iShares 0-5 Year High Yield Corporate Bond ETF,SHYG,$39.41,Finance,Corporate,2025-03-05 19:11:30
SPDR Bloomberg Investment Grade Floating Rate ETF,FLRN,$34.26,Finance,Corporate,2025-03-05 19:11:30
SPDR Portfolio Intermediate Term Treasury ETF,SPTI,$29.56,Finance,Government,2025-03-05 19:11:30
SPDR Portfolio Long Term Treasury ETF,SPTL,$29.19,Finance,Government,2025-03-05 19:11:30
Invesco Equal Weight 0-30 Years Treasury ETF,PLW,$28.94,Finance,Government,2025-03-05 19:11:30
Schwab Short-Term U.S. Treasury ETF,SCHO,$23.16,Finance,Government,2025-03-05 19:11:30
iShares U.S. Treasury Bond ETF,GOVT,$22.72,Finance,Government,2025-03-05 19:11:30
SPDR Bloomberg Short Term High Yield Bond ETF,SJNK,$22.60,Finance,Corporate,2025-03-05 19:11:30
Schwab U.S. Aggregate Bond ETF,SCHZ,$21.85,Finance,Corporate,2025-03-05 19:11:30
Schwab Intermediate-Term U.S. Treasury ETF,SCHR,$21.64,Finance,Government,2025-03-05 19:11:30
SPDR Portfolio Short Term Treasury ETF,SPTS,$21.06,Finance,Government,2025-03-05 19:11:30
Global X U.S. Preferred ETF,PFFD,$19.43,Finance,Corporate,2025-03-05 19:11:30
SPDR Bloomberg International Treasury Bond ETF,BWX,$18.84,Finance,Government,2025-03-05 19:11:30
